Close,High,Low,Open,Volume
META,META,META,META,META
581.9749755859375,585.4000244140625,575.5700073242188,577.3350219726562,1286283
585.8800048828125,586.7440795898438,581.60498046875,582.375,594803
589.6199951171875,589.669921875,585.785888671875,585.8099975585938,867086
587.239990234375,589.8400268554688,587.239990234375,589.6898803710938,528127
586.9500122070312,587.6898803710938,586.4099731445312,587.4000244140625,267710
586.75,587.7899780273438,585.8099975585938,586.8187866210938,304129
589.10498046875,589.25,586.52001953125,586.75,302316
588.780029296875,589.3699951171875,588.2000122070312,589.010009765625,239826
591.3599853515625,591.95068359375,588.7999877929688,588.7999877929688,448310
592.8900146484375,593.0772094726562,591.405029296875,591.405029296875,410433
593.5219116210938,594.5,592.7301025390625,592.8699951171875,451156
593.0700073242188,594.2999267578125,592.6599731445312,593.47998046875,307272
592.2999877929688,593.5,592.219970703125,593.2000122070312,239186
591.686279296875,592.8800048828125,591.0900268554688,592.3099975585938,210227
590.5919189453125,591.7000122070312,590.4000854492188,591.656982421875,290749
590.9600219726562,591.7899169921875,590.5573120117188,590.6298828125,155017
591.469970703125,591.572509765625,590.330078125,591.0999145507812,163238
591.1599731445312,591.7098999023438,590.5900268554688,591.5399780273438,157029
590.2550048828125,591.3198852539062,589.82421875,591.2493286132812,165486
590.0722045898438,590.75,590.02099609375,590.3099975585938,158847
591.6199951171875,591.659912109375,589.6799926757812,590.1799926757812,194287
590.760009765625,591.6699829101562,590.6300048828125,591.6599731445312,217887
590.3049926757812,590.7999267578125,589.6174926757812,590.719970703125,239007
591.7672729492188,591.9500122070312,589.72998046875,590.219970703125,250565
592.1500244140625,592.75,591.239990234375,591.9400024414062,358922
592.9500122070312,593.5936889648438,591.9600219726562,592.14501953125,875015
594.6599731445312,596.8499755859375,591.2501220703125,595.0,1035553
594.030029296875,596.5,592.0,594.719970703125,448478
598.1400146484375,598.2899780273438,593.7100219726562,593.9249877929688,575045
596.8499755859375,598.5,595.1900024414062,598.1400146484375,346749
598.0800170898438,598.7999877929688,596.5825805664062,596.75,360943
599.95849609375,599.95849609375,596.0999755859375,598.1500244140625,452615
606.1500244140625,607.0399780273438,599.9000244140625,599.969970703125,1460976
607.6500244140625,607.780029296875,604.530029296875,605.969970703125,886282
604.5421142578125,608.22998046875,604.0599975585938,607.6201782226562,553670
604.260009765625,606.25,604.0200805664062,604.5050048828125,425873
604.339599609375,605.760009765625,603.1845703125,604.3599853515625,306937
605.6099853515625,605.6199951171875,603.6950073242188,604.3200073242188,231356
604.0499877929688,605.5999755859375,602.6199951171875,605.5599975585938,284994
605.4299926757812,605.7299194335938,603.9849853515625,604.0499267578125,372083
606.489990234375,606.5,605.2899780273438,605.3699951171875,288605
607.7899780273438,608.3200073242188,606.4935913085938,606.4935913085938,421918
606.6599731445312,608.780029296875,606.60009765625,607.7901000976562,335391
606.9199829101562,607.8800048828125,606.260009765625,606.6900024414062,207201
608.25,608.7000122070312,606.9100952148438,606.9600219726562,262821
608.989990234375,609.0,607.9500122070312,608.280029296875,325354
608.719970703125,609.0999755859375,608.0399780273438,608.9725952148438,219427
609.4163208007812,609.489990234375,608.5599975585938,608.6799926757812,291505
610.8099975585938,610.9498901367188,609.0001220703125,609.4080810546875,496533
610.6199951171875,611.5700073242188,610.280029296875,610.6099853515625,509672
610.97998046875,611.2276000976562,610.0200805664062,610.6099853515625,514076
613.6699829101562,614.2000122070312,610.8599853515625,611.030029296875,1247350
615.260009765625,616.3259887695312,610.5499877929688,611.8800048828125,1508779
613.7449951171875,616.0800170898438,613.1400146484375,615.3499145507812,671482
617.3800048828125,617.780029296875,612.3099975585938,613.4299926757812,675571
614.3350219726562,617.4259033203125,613.75,617.3499755859375,486098
609.5744018554688,615.5499877929688,609.2811889648438,614.2899780273438,615111
609.8599853515625,611.0349731445312,609.4400024414062,609.739990234375,493889
607.489990234375,610.5499877929688,607.1199951171875,610.0598754882812,620882
608.6400146484375,608.8798828125,606.4901123046875,607.489990234375,514126
605.9000244140625,608.4000244140625,605.0999755859375,608.4000244140625,423259
608.25,609.0,605.8200073242188,606.0399780273438,400114
608.8701782226562,608.9998779296875,608.0700073242188,608.2260131835938,241603
610.2249755859375,610.8400268554688,608.8800048828125,608.8800048828125,460135
610.1500244140625,610.2799072265625,608.1743774414062,610.0399780273438,220349
610.47998046875,610.9498901367188,609.260009765625,610.0,225769
610.8800048828125,611.1799926757812,610.0499877929688,610.5,211064
610.8958740234375,611.3599853515625,610.29541015625,610.9609985351562,197654
608.5700073242188,610.9099731445312,607.6199951171875,610.9099731445312,255620
610.1599731445312,610.7999267578125,608.489990234375,608.5700073242188,219814
610.4000244140625,610.9600219726562,609.3900756835938,609.8499755859375,199856
610.2000122070312,610.9998779296875,609.5499877929688,610.4099731445312,185343
611.0900268554688,611.3800048828125,609.6801147460938,610.3250122070312,215234
611.9400024414062,612.27001953125,610.87841796875,610.91748046875,252965
614.0599975585938,614.0982055664062,611.9400024414062,611.9400024414062,325409
613.780029296875,614.9699096679688,613.5809936523438,614.0700073242188,358359
613.8599853515625,614.1799926757812,613.4700927734375,613.7999877929688,227857
613.6300048828125,614.5499877929688,613.132080078125,613.8599853515625,930205
613.9500122070312,619.9000244140625,612.9000244140625,617.0750122070312,1038370
612.5999755859375,614.9000244140625,611.3699951171875,613.905029296875,431707
613.75,614.5,610.7100219726562,612.5599975585938,429958
612.140380859375,614.0700073242188,611.8400268554688,613.8599853515625,199658
612.135009765625,613.0700073242188,611.2150268554688,612.280029296875,219579
611.1599731445312,612.3499755859375,610.260009765625,612.1099853515625,207926
610.8599853515625,611.77001953125,610.5999755859375,611.1300048828125,176331
611.0549926757812,612.0900268554688,610.3099975585938,610.6400146484375,197218
611.0,611.6199951171875,610.27001953125,611.1099853515625,184936
611.739990234375,611.8200073242188,610.72998046875,610.9000244140625,142942
612.6500854492188,612.8900146484375,610.6799926757812,611.739990234375,163507
611.6900024414062,613.3350219726562,611.4401245117188,612.8900146484375,148947
611.8599853515625,612.7799072265625,611.5700073242188,611.77001953125,139851
610.3040771484375,611.7999877929688,610.02001953125,611.7999877929688,218668
609.4000854492188,610.44287109375,609.4000854492188,610.364990234375,137494
608.2244262695312,609.6168823242188,607.0501098632812,609.6168823242188,264248
609.22998046875,609.5900268554688,608.010009765625,608.3250732421875,135824
608.7000122070312,609.3800048828125,608.1599731445312,609.0800170898438,136610
609.6799926757812,610.0089721679688,608.1801147460938,608.8079833984375,131741
609.2100219726562,610.5499267578125,609.0700073242188,609.6699829101562,150052
609.0999755859375,609.7849731445312,608.7000122070312,608.8300170898438,98607
608.52001953125,609.1699829101562,608.4201049804688,609.0800170898438,160974
608.5499877929688,609.3599853515625,608.0238037109375,608.6199951171875,278767
607.3150024414062,608.7498779296875,607.0499877929688,608.5150146484375,336507
608.7000122070312,608.7388916015625,607.1900024414062,607.4199829101562,228501
608.9199829101562,609.5800170898438,608.010009765625,608.72998046875,545228
612.0650024414062,614.1815185546875,608.530029296875,610.0999755859375,1361560
619.0900268554688,619.3099975585938,612.0599975585938,612.14501953125,805458
619.0911865234375,620.4600219726562,616.2000732421875,619.1849975585938,782541
624.010009765625,624.3099975585938,619.2100219726562,619.2509155273438,2185556
621.9000244140625,624.1799926757812,619.4600219726562,623.9500122070312,1250839
620.5800170898438,622.1298828125,619.0999755859375,621.9000244140625,362582
621.5800170898438,622.7899780273438,620.5399780273438,620.5625,583118
625.4299926757812,625.4600219726562,621.7050170898438,621.7899780273438,723796
628.0300903320312,629.7899169921875,625.39501953125,625.4000244140625,894262
625.7800903320312,628.2098999023438,625.760009765625,628.1199951171875,442339
625.5250244140625,627.9298706054688,624.8099975585938,625.8458251953125,401456
624.989990234375,625.9998779296875,624.7999877929688,625.4299926757812,253368
625.0999755859375,627.5750122070312,624.9000854492188,624.9249877929688,298808
624.5958862304688,627.0499877929688,624.360107421875,625.2000122070312,259432
626.3200073242188,627.1400146484375,624.6600952148438,624.6600952148438,170785
625.92626953125,627.419921875,625.6300048828125,626.3200073242188,177441
625.1699829101562,626.0,624.7000122070312,625.5701293945312,185652
625.72998046875,626.6998901367188,625.0250244140625,625.1500244140625,192584
624.8049926757812,625.8599853515625,624.5999755859375,625.5800170898438,158052
623.6500244140625,625.219970703125,623.6500244140625,624.719970703125,233765
623.7249755859375,624.39990234375,622.8099975585938,623.6199951171875,220865
623.125,624.4600219726562,622.5900268554688,623.77001953125,723993
622.6799926757812,623.27001953125,622.219970703125,623.0797119140625,246989
621.8150024414062,623.1599731445312,621.4000244140625,622.8599853515625,269035
623.5850219726562,623.8900146484375,621.7100219726562,621.7949829101562,340488
623.719970703125,625.3900146484375,622.9509887695312,623.5900268554688,1216468
624.4849853515625,626.33251953125,619.7100219726562,623.989990234375,1474299
622.8599853515625,625.4653930664062,619.7000122070312,624.4849853515625,467151
621.0700073242188,623.4600219726562,619.469970703125,622.5999755859375,329830
617.5999755859375,621.4799194335938,616.6599731445312,621.1599731445312,479490
614.0349731445312,618.5700073242188,613.590087890625,618.0,468534
610.25,614.8298950195312,610.25,614.22998046875,504495
607.4149780273438,610.9199829101562,606.1701049804688,610.260009765625,531145
610.722412109375,611.97998046875,607.4500122070312,607.744873046875,468304
609.3250122070312,611.77001953125,609.0,610.9199829101562,221315
611.0,611.6799926757812,609.1799926757812,609.3300170898438,209123
612.4749755859375,612.760009765625,611.0001220703125,611.1199951171875,251197
611.010009765625,612.5599975585938,610.1799926757812,612.3900146484375,190941
609.8250122070312,611.10498046875,609.4400024414062,611.10498046875,195066
610.2100219726562,611.0800170898438,609.25,609.6699829101562,155052
610.0349731445312,610.3800048828125,609.5599975585938,610.1599731445312,115636
611.1799926757812,611.47998046875,609.5,610.0349731445312,214898
613.4724731445312,613.5800170898438,610.830078125,611.0900268554688,242210
613.1950073242188,613.8399047851562,612.5900268554688,613.385009765625,200827
611.9099731445312,613.6500244140625,611.719970703125,613.1950073242188,156628
611.1500244140625,612.1300048828125,610.360107421875,611.8300170898438,164811
609.5499877929688,611.1121215820312,609.260009765625,610.989990234375,170438
610.6400146484375,611.0999755859375,609.0599975585938,609.5700073242188,225771
610.8679809570312,611.1298217773438,609.5800170898438,610.7100219726562,176923
610.260009765625,611.2042846679688,610.0501098632812,610.8900146484375,240883
611.60498046875,612.0499877929688,610.3300170898438,610.3300170898438,230708
613.8099975585938,613.9199829101562,611.6199951171875,611.625,719352
622.7999877929688,624.0800170898438,613.0,617.4000244140625,1678987
622.739990234375,624.0,619.530029296875,623.0198974609375,489520
623.719970703125,625.5800170898438,622.1002807617188,622.614990234375,480854
623.4249877929688,625.5900268554688,621.8499755859375,623.719970703125,410587
623.02001953125,623.3099975585938,621.3400268554688,623.1699829101562,372909
619.3878173828125,623.2214965820312,618.7105102539062,622.9661865234375,274240
618.2000122070312,619.47998046875,616.8250122070312,619.4500122070312,238058
616.5526123046875,618.989990234375,616.1699829101562,618.0650024414062,204762
617.6649780273438,617.8363037109375,615.3800048828125,616.385009765625,238179
620.3400268554688,620.6199951171875,617.4000244140625,617.8798828125,234957
619.625,621.2158813476562,619.4000244140625,620.3699951171875,203612
621.3250122070312,621.6500244140625,619.0,619.5800170898438,140018
619.7999877929688,621.7999267578125,619.5999755859375,621.419921875,132015
620.5780029296875,621.2050170898438,619.8831787109375,619.969970703125,163907
618.6199951171875,620.8300170898438,618.6199951171875,620.260009765625,147469
619.6400146484375,620.0,618.3099975585938,618.6572265625,97798
619.0349731445312,619.9873046875,618.510009765625,619.7899780273438,107867
618.5150756835938,619.0499267578125,618.12060546875,618.8699951171875,117390
618.6749877929688,618.9500122070312,618.0,618.405029296875,89402
618.2899780273438,619.091796875,617.8499755859375,618.4500732421875,111539
615.7401123046875,618.3300170898438,615.7401123046875,618.2349853515625,168933
613.7374877929688,615.921875,612.739990234375,615.921875,286567
614.7999877929688,615.1799926757812,613.2000122070312,613.7249755859375,221382
615.1749877929688,615.60791015625,614.1649780273438,614.8682250976562,154504
618.6649780273438,618.9199829101562,614.8101196289062,615.1749877929688,316783
619.5499877929688,620.5369262695312,617.2960815429688,618.6649780273438,605730
630.385009765625,632.8400268554688,625.1799926757812,627.032470703125,1452636
634.0800170898438,634.239990234375,627.8900756835938,630.2550048828125,702178
635.7100219726562,638.4000244140625,633.02001953125,633.92822265625,984409
633.4199829101562,636.6713256835938,632.4199829101562,635.719970703125,561414
634.8300170898438,635.3649291992188,632.8400268554688,633.5700073242188,324103
634.47998046875,635.1300048828125,632.280029296875,634.7899780273438,277080
635.614990234375,635.7362060546875,633.4199829101562,634.3800048828125,344044
634.2000122070312,636.1099853515625,633.510009765625,635.7216186523438,216404
633.989990234375,635.0800170898438,633.489990234375,634.1400146484375,208055
633.8300170898438,634.1146850585938,632.9199829101562,633.9400024414062,164105
634.4149780273438,635.0999755859375,633.3599853515625,633.8300170898438,270521
635.093017578125,635.1900024414062,634.2800903320312,634.3466186523438,186716
635.4500122070312,636.530029296875,634.510009765625,635.1699829101562,393539
635.64990234375,636.530029296875,634.9000244140625,635.469970703125,280714
634.5399780273438,635.72998046875,634.4400024414062,635.6799926757812,173019
634.0700073242188,634.4400024414062,633.0499877929688,634.4400024414062,219327
634.6950073242188,634.94970703125,633.5701293945312,634.021728515625,168978
633.780029296875,635.0999755859375,633.489990234375,634.8200073242188,136430
632.1900024414062,633.8099975585938,632.0800170898438,633.8099975585938,159330
632.0296020507812,632.8099975585938,631.5599975585938,632.1900024414062,231035
632.1199951171875,632.3499755859375,631.0200805664062,632.010009765625,130782
631.780029296875,632.1668701171875,630.75,632.1199951171875,299534
634.1400146484375,634.239990234375,631.8200073242188,631.8800048828125,203235
634.6950073242188,635.0499267578125,633.7343139648438,634.1400146484375,230102
634.2968139648438,635.0499267578125,633.1600952148438,634.6900024414062,241946
632.6799926757812,634.4400024414062,632.219970703125,634.2999877929688,762607
631.7000122070312,632.3499755859375,627.2094116210938,631.25,832563
633.5,633.739990234375,628.3300170898438,631.22998046875,412016
632.2899780273438,634.2260131835938,631.0411987304688,633.469970703125,333376
634.8200073242188,636.239990234375,631.1600952148438,632.010009765625,386160
635.5499877929688,636.659912109375,633.9193115234375,634.7100219726562,292666
634.3270263671875,636.139892578125,633.7899780273438,635.3350219726562,218541
633.5999755859375,635.4700927734375,633.5599975585938,634.4819946289062,199302
633.9537963867188,635.0999755859375,633.25,633.6950073242188,156065
633.282470703125,634.1599731445312,632.5300903320312,634.0900268554688,149043
632.47998046875,633.7000122070312,632.3800048828125,633.219970703125,156719
635.5,635.8699951171875,632.2999877929688,632.3825073242188,186582
634.6484985351562,635.8599853515625,633.6300048828125,635.6199951171875,124967
632.8300170898438,634.5798950195312,632.3499755859375,634.5798950195312,95204
633.27099609375,633.4500122070312,632.2000122070312,632.7999877929688,141739
633.0100708007812,633.6676025390625,632.0499877929688,633.3499755859375,130850
631.02001953125,633.1798706054688,630.8900146484375,633.1300048828125,135620
630.6500244140625,631.0499877929688,629.9299926757812,631.010009765625,137191
630.4400024414062,630.9998779296875,630.1701049804688,630.5,94005
629.0650024414062,630.6099853515625,628.8499755859375,630.5471801757812,164205
628.780029296875,629.2199096679688,628.0599975585938,628.9099731445312,208774
629.9299926757812,630.4598999023438,628.6439819335938,628.75,132127
630.3800048828125,631.5598754882812,629.989990234375,629.989990234375,155439
629.9600219726562,631.4598999023438,629.5330200195312,630.5399780273438,135058
631.4000244140625,631.4000244140625,630.0325927734375,630.1199951171875,259597
632.0499877929688,632.3200073242188,631.4100952148438,631.4299926757812,254049
630.8099975585938,632.47998046875,630.5,631.99267578125,625562
630.0408935546875,630.9600219726562,625.7000122070312,627.219970703125,731131
629.6699829101562,631.030029296875,627.3300170898438,630.2999877929688,328221
628.155029296875,629.6500244140625,626.8471069335938,629.64501953125,221492
625.419189453125,628.5599975585938,624.5142211914062,628.1300048828125,253701
622.780029296875,626.0700073242188,622.3699951171875,625.2000122070312,338329
619.6400146484375,624.5798950195312,619.489990234375,622.760009765625,368578
619.25,619.8385009765625,617.22998046875,619.68701171875,456979
619.1984252929688,621.5,618.760009765625,619.1099853515625,237346
619.9099731445312,620.9500122070312,618.75,619.0,197366
619.0999755859375,619.989990234375,617.90380859375,619.780029296875,178355
619.1699829101562,620.0399780273438,618.8099975585938,619.0,187338
618.8200073242188,619.9169921875,618.1929931640625,619.1500244140625,138897
617.47998046875,619.010009765625,617.280029296875,618.6900024414062,147605
617.7999877929688,618.760009765625,617.3300170898438,617.7399291992188,128738
617.8200073242188,618.3900146484375,617.1519165039062,617.8300170898438,352498
618.22998046875,618.4299926757812,616.885986328125,617.6400146484375,147882
618.5599975585938,618.7299194335938,617.5717163085938,618.1900024414062,129075
618.5908813476562,618.8900146484375,617.6199951171875,618.4550170898438,124984
618.5,619.0499877929688,617.9199829101562,618.6199951171875,135495
620.555419921875,620.6199951171875,618.5750122070312,618.6099853515625,204843
620.3499755859375,621.0,620.0,620.4299926757812,187914
620.0,620.4799194335938,619.9500122070312,620.260009765625,103396
618.9708251953125,620.2000122070312,618.8499755859375,620.0750122070312,159098
620.0349731445312,620.1099853515625,618.3201293945312,619.0399780273438,130056
620.8900146484375,620.9400024414062,619.60009765625,620.0349731445312,196307
620.3200073242188,621.8599853515625,619.72998046875,620.89501953125,608289
624.4500122070312,631.1500244140625,624.0999755859375,629.9749755859375,1211942
622.8900146484375,625.5900268554688,621.510009765625,624.6099853515625,456850
622.7000122070312,623.5599975585938,619.719970703125,622.8900146484375,437019
623.4255981445312,623.5399780273438,621.364990234375,622.72998046875,417536
620.0001220703125,624.8499145507812,620.0,623.4400024414062,501865
621.2650146484375,622.8599853515625,619.9299926757812,620.1400146484375,293735
622.6649780273438,623.498291015625,621.155029296875,621.1699829101562,256958
621.5499877929688,622.9500122070312,621.3499755859375,622.8099975585938,287547
619.5399780273438,621.9099731445312,618.5800170898438,621.52001953125,291583
622.090087890625,622.3198852539062,619.3660278320312,619.8599853515625,218284
623.5941162109375,623.5941162109375,621.6099853515625,622.1799926757812,242474
623.9598999023438,624.7999267578125,623.489990234375,623.6400146484375,208366
624.0700073242188,624.1199951171875,623.1099853515625,623.7899780273438,148093
623.6500244140625,624.469970703125,622.3400268554688,624.0599975585938,202777
626.4411010742188,626.64990234375,623.2449951171875,623.7100219726562,240758
627.6599731445312,627.780029296875,625.5206909179688,626.3900146484375,223805
626.1300048828125,627.8049926757812,626.0499877929688,627.7999877929688,152877
627.4849853515625,627.6599731445312,625.8099975585938,626.0994873046875,159852
627.22998046875,627.52001953125,625.7901000976562,627.4400024414062,182505
627.9815063476562,628.7199096679688,627.0700073242188,627.3900146484375,537272
629.1400146484375,629.1400146484375,627.7401123046875,628.02001953125,157157
628.2999877929688,629.219970703125,628.1500244140625,629.0650024414062,154477
630.2050170898438,630.25,628.22998046875,628.22998046875,218664
629.4442138671875,630.9400024414062,629.4442138671875,630.2000122070312,204879
628.9099731445312,629.9099731445312,628.25,629.489990234375,270144
624.469970703125,628.9450073242188,622.6900024414062,628.8400268554688,876006
625.4199829101562,632.3699951171875,621.4400024414062,626.1699829101562,1261919
624.6599731445312,628.3499755859375,624.22998046875,625.4199829101562,505546
620.0900268554688,624.5,619.280029296875,624.5,668944
617.969970703125,621.010009765625,616.5399780273438,620.0850219726562,602655
619.9006958007812,620.97998046875,618.4000244140625,618.4500122070312,366238
622.719970703125,623.8651123046875,619.1900024414062,619.8499755859375,347047
624.5499877929688,624.6500244140625,621.22998046875,622.6950073242188,322089
624.469970703125,626.1300048828125,623.7899780273438,624.5499877929688,282586
626.780029296875,627.1799926757812,624.010009765625,624.3699951171875,505686
624.364990234375,627.5050048828125,624.2000122070312,626.689208984375,483637
623.2550048828125,624.4600219726562,622.6199951171875,624.364990234375,199003
622.0800170898438,623.8699951171875,621.9949951171875,623.2000122070312,169591
622.719970703125,623.3900146484375,621.010009765625,622.14501953125,199760
623.7819213867188,624.3200073242188,622.489990234375,622.6199951171875,127601
623.1199951171875,623.6699829101562,622.5700073242188,623.6699829101562,122636
621.8099975585938,623.1199951171875,621.5800170898438,623.1199951171875,125413
622.510009765625,623.389892578125,621.6475219726562,621.8200073242188,126468
621.9328002929688,622.7100219726562,621.2000122070312,622.4000244140625,119212
621.25,621.9259033203125,619.8099975585938,621.7999877929688,179551
620.577392578125,621.52001953125,620.0599975585938,621.0900268554688,169348
620.1599731445312,621.405029296875,619.8099975585938,620.607421875,184331
619.4400024414062,620.1199951171875,619.0999755859375,620.1199951171875,578443
620.5800170898438,620.7344970703125,619.2600708007812,619.4616088867188,567879
619.0,620.7100219726562,618.6099853515625,620.5800170898438,165759
618.2849731445312,619.4099731445312,617.8099975585938,619.0599975585938,256519
619.4500122070312,620.4400024414062,617.0968017578125,618.2446899414062,986190
618.8975219726562,622.0,616.8099975585938,621.0,2338258
624.1400146484375,625.5599975585938,618.3499755859375,618.8400268554688,638539
622.594970703125,625.498291015625,621.5599975585938,624.1859130859375,459044
622.864990234375,623.6699829101562,621.89501953125,622.5,578244
625.2000122070312,625.2000122070312,622.2750244140625,622.8900146484375,328526
622.75,626.0899047851562,622.6699829101562,625.125,258915
620.521728515625,622.9500122070312,618.8099975585938,622.75,673963
621.1699829101562,621.1699829101562,617.7000732421875,620.3400268554688,387636
621.0999755859375,622.5599975585938,620.8200073242188,621.2000122070312,239818
622.2100219726562,622.469970703125,620.60009765625,620.9550170898438,200098
620.5,622.2999877929688,620.1900024414062,622.2999877929688,173583
621.2249755859375,622.3300170898438,620.3800048828125,620.655029296875,117523
622.2799072265625,622.2799072265625,620.9749755859375,621.239990234375,122357
622.669921875,623.3499755859375,621.9000854492188,622.0900268554688,283425
624.4000854492188,624.5167236328125,622.4600219726562,622.4650268554688,170089
625.47998046875,626.4400024414062,624.2000122070312,624.489990234375,273209
624.8673706054688,627.3599853515625,624.7210083007812,625.739990234375,220855
624.364990234375,625.1599731445312,623.6500244140625,624.9099731445312,125175
620.9249877929688,624.25,619.9000244140625,624.2401123046875,416998
619.35498046875,622.5800170898438,619.0,621.0,387928
617.4099731445312,619.8499755859375,617.0300903320312,619.3599853515625,423999
613.4349975585938,617.5700073242188,613.1400146484375,617.385009765625,460863
611.5449829101562,614.27001953125,610.1500244140625,613.1676025390625,483126
608.6400146484375,612.57861328125,607.7999877929688,611.5750122070312,513914
598.3099975585938,609.75,596.7050170898438,608.8599853515625,1133224
597.6599731445312,603.2598876953125,596.3200073242188,598.3400268554688,1831121
603.8800048828125,611.3699951171875,599.1900024414062,609.1201782226562,1719195
603.0050048828125,606.5817260742188,601.7025146484375,603.89501953125,434816
605.9550170898438,606.0599975585938,599.3245849609375,603.0050048828125,533249
604.25,606.8800048828125,603.530029296875,605.8400268554688,342412
604.1599731445312,605.8795776367188,602.760009765625,604.1300048828125,414200
606.8599853515625,607.22998046875,602.2901000976562,604.3150024414062,322851
602.989990234375,606.97998046875,602.5200805664062,606.719970703125,356798
607.72998046875,607.8800048828125,602.7000122070312,603.2299194335938,313398
606.219970703125,607.8499755859375,605.02001953125,607.7349853515625,310463
605.3590087890625,607.0599975585938,604.8200073242188,606.2100219726562,186013
604.52001953125,606.1199951171875,604.1259765625,605.2849731445312,210829
601.1500854492188,604.7000122070312,600.8814086914062,604.5999755859375,297220
602.489990234375,602.8400268554688,600.5007934570312,601.5,281537
602.6749877929688,602.8599853515625,600.5,602.4550170898438,181844
602.1500244140625,602.6087036132812,600.25,602.260009765625,199858
604.4843139648438,604.719970703125,601.72998046875,602.0,227242
605.635009765625,605.9400024414062,603.330078125,604.239990234375,264991
606.9749755859375,607.0,604.6799926757812,605.7031860351562,321950
604.8499755859375,607.07177734375,603.9199829101562,606.9400024414062,202070
603.530029296875,605.524169921875,603.3599853515625,604.8599853515625,199658
602.739990234375,603.6699829101562,601.9600219726562,603.6649780273438,169067
601.75,602.85498046875,601.2100219726562,602.6199951171875,191935
602.2725219726562,602.669921875,600.7000122070312,601.7249755859375,231692
601.6400146484375,603.4400024414062,601.3411254882812,602.5036010742188,247890
600.593017578125,602.2100219726562,598.239990234375,601.780029296875,384978
595.6190185546875,601.2100219726562,595.0,600.5499877929688,1166127
591.5200805664062,594.7899780273438,588.72998046875,589.3900146484375,3705727
588.6599731445312,592.9067993164062,587.2000122070312,591.6649780273438,591128
592.3674926757812,593.0,589.0,589.0,332791
597.489990234375,597.489990234375,592.1099853515625,592.2550048828125,405423
598.1300048828125,598.5098876953125,595.85009765625,597.3599853515625,402829
595.4299926757812,598.3099975585938,595.1199951171875,597.9199829101562,234468
598.9199829101562,600.6298828125,595.219970703125,595.7000122070312,1412570
599.2000122070312,601.27001953125,598.5399780273438,598.8599853515625,362356
602.6749877929688,602.85498046875,598.6807861328125,599.2050170898438,522915
602.9498901367188,602.9500122070312,600.330078125,602.77001953125,292301
602.1749877929688,603.0900268554688,601.5,602.844970703125,262761
602.3250122070312,603.1099853515625,601.2755126953125,602.02001953125,283303
601.3250122070312,602.5999755859375,600.1300048828125,602.4000244140625,269830
599.380126953125,602.0875244140625,599.380126953125,601.3900146484375,261416
599.2822265625,600.0399780273438,598.760009765625,599.4849853515625,377722
596.5399780273438,599.3900146484375,596.2999877929688,599.3099975585938,281733
597.6199951171875,598.139892578125,596.1900024414062,596.469970703125,235277
597.0150146484375,598.8400268554688,596.5999755859375,597.64501953125,238955
596.1699829101562,597.1900024414062,595.7999877929688,596.969970703125,260760
597.4199829101562,597.4199829101562,595.8499755859375,596.1699829101562,280792
596.9199829101562,598.1912231445312,596.6500244140625,597.364990234375,285319
596.52001953125,596.97998046875,595.3099975585938,596.9199829101562,268489
596.0850219726562,597.469970703125,595.7962036132812,596.6300048828125,265204
595.5999755859375,596.75,595.35009765625,596.0900268554688,312974
594.47998046875,595.8499755859375,592.75,595.760009765625,499145
583.5499877929688,595.4099731445312,583.5499877929688,594.4299926757812,3523115
591.9299926757812,599.25,591.1400146484375,595.3098754882812,1641935
593.0,593.8599243164062,590.0499877929688,592.030029296875,571951
589.5999755859375,593.0999755859375,587.4949951171875,592.8400268554688,663739
588.1199951171875,590.530029296875,586.25,589.760009765625,431010
590.469970703125,592.5700073242188,587.6400146484375,588.260009765625,360291
592.3635864257812,593.1400146484375,590.0800170898438,590.530029296875,249272
595.280029296875,595.6799926757812,592.3800048828125,592.3900146484375,406290
595.6904907226562,595.6904907226562,594.6799926757812,595.3200073242188,155831
597.2100219726562,597.3099975585938,594.0100708007812,595.614990234375,213414
596.7000122070312,597.8200073242188,596.0960083007812,597.2000122070312,184113
598.0599975585938,598.8699951171875,596.8099975585938,596.8699951171875,267024
599.005126953125,599.5650024414062,597.0,598.0599975585938,268017
598.5850219726562,599.7999877929688,598.0800170898438,598.9199829101562,162201
597.510009765625,599.44140625,597.340087890625,598.6475219726562,156335
599.3690185546875,600.2899780273438,597.0700073242188,597.364990234375,205133
598.594970703125,599.5499267578125,597.7899780273438,599.2750244140625,133864
599.8101196289062,600.510009765625,598.5,598.6900024414062,175437
600.0,600.2999877929688,599.5599975585938,600.125,106213
599.9400024414062,600.530029296875,599.6950073242188,600.0250244140625,117027
599.3526000976562,600.4299926757812,598.969970703125,599.982421875,342521
599.2750244140625,599.8344116210938,598.8699951171875,599.3099975585938,120727
598.510009765625,599.6799926757812,598.260009765625,599.3599853515625,141698
598.2459716796875,598.5886840820312,596.3800048828125,598.4500122070312,178884
597.7449951171875,598.27001953125,596.8400268554688,598.25,169732
598.7849731445312,599.01123046875,597.6168212890625,597.8786010742188,208871
599.9500122070312,601.0900268554688,598.8699951171875,598.8699951171875,827085
601.5700073242188,603.447509765625,599.284912109375,602.7150268554688,742055
603.9199829101562,604.4299926757812,601.5200805664062,601.5700073242188,472210
603.7288208007812,604.9598999023438,602.739990234375,603.8800048828125,306394
606.1881713867188,606.1881713867188,603.52001953125,603.739990234375,249909
606.7926025390625,607.1500244140625,605.4500122070312,606.0900268554688,216455
605.2750244140625,606.9500122070312,604.7100830078125,606.7349853515625,159414
605.6199951171875,606.0399780273438,604.239990234375,605.3900146484375,204472
606.2349853515625,606.3388061523438,605.1500244140625,605.6599731445312,181709
606.2100219726562,606.4000244140625,605.5358276367188,606.239990234375,241723
605.0303955078125,606.6099853515625,604.8099975585938,606.1400146484375,182002
605.3250122070312,605.375,604.7501220703125,604.8499755859375,172206
604.7800903320312,605.4000244140625,604.7100219726562,605.3300170898438,155470
605.72998046875,605.760009765625,604.2000122070312,604.9400024414062,172653
607.989990234375,607.989990234375,605.2999877929688,605.6799926757812,520971
601.9299926757812,606.2999877929688,601.780029296875,605.2899780273438,561273
602.2935791015625,603.3099975585938,598.9400024414062,601.8200073242188,417846
603.0499877929688,603.2498779296875,601.580078125,602.2935791015625,282019
603.947509765625,604.5999755859375,602.0202026367188,603.0250244140625,336134
602.1563720703125,604.1400146484375,602.0900268554688,603.774169921875,252658
603.2750244140625,603.8298950195312,602.0900268554688,602.219970703125,135166
603.10498046875,603.3200073242188,602.29052734375,603.1599731445312,147339
601.45361328125,603.1199951171875,601.2000122070312,602.9000244140625,160186
602.989990234375,603.1998901367188,601.3001098632812,601.4000244140625,157943
602.3900146484375,602.9349975585938,601.9000244140625,602.9199829101562,148621
602.8099975585938,603.0599975585938,601.9500122070312,602.3200073242188,164401
601.885009765625,603.1400146484375,601.8074951171875,602.9299926757812,157973
601.5,602.239990234375,601.3692016601562,601.9600219726562,131657
601.201904296875,601.5800170898438,599.630126953125,601.5,215612
601.969970703125,602.298583984375,601.0405883789062,601.1998901367188,172626
603.0419921875,603.5250244140625,601.8099975585938,601.8099975585938,135582
603.280029296875,604.25,602.7000732421875,603.010009765625,140927
603.5449829101562,604.0,603.080078125,603.080078125,120663
603.3400268554688,604.25,603.2200927734375,603.4500122070312,90592
603.2301025390625,603.4400024414062,603.02001953125,603.3499755859375,77571
604.3800048828125,604.5900268554688,603.1400756835938,603.3150024414062,158531
605.52001953125,605.52001953125,604.239990234375,604.375,160199
604.4949951171875,605.6799926757812,604.489990234375,605.4500122070312,153809
604.9400024414062,605.030029296875,604.47998046875,604.6199951171875,136377
604.7849731445312,605.2999877929688,604.5399780273438,604.780029296875,153304
603.3699951171875,604.989990234375,602.9099731445312,604.9096069335938,434134
594.89990234375,601.8499755859375,593.9650268554688,599.4099731445312,600621
595.2918701171875,596.0,594.4400024414062,594.5399780273438,287422
591.2100219726562,595.4194946289062,590.3200073242188,595.2449951171875,483379
591.2482299804688,593.3900146484375,589.8300170898438,591.2000122070312,336520
593.3900146484375,593.4979858398438,590.5999755859375,591.1500244140625,242667
594.0899047851562,594.4780883789062,592.5599975585938,593.35498046875,206098
592.489990234375,594.9835205078125,592.1218872070312,594.0499877929688,163403
595.385009765625,595.5,592.5800170898438,592.5800170898438,148729
592.6900024414062,595.4199829101562,592.6900024414062,595.3300170898438,197183
590.99072265625,593.0198974609375,590.25,592.7224731445312,285381
590.5599975585938,591.5700073242188,590.4199829101562,590.885009765625,133023
590.6799926757812,591.35498046875,589.7999877929688,590.6729125976562,244619
591.4450073242188,592.0,590.4000244140625,590.719970703125,167427
592.5499877929688,592.7999267578125,590.8101196289062,591.614990234375,132282
593.0499877929688,593.7000122070312,592.25,592.4249877929688,131499
593.1500244140625,593.6799926757812,592.75,593.239990234375,88812
594.2791137695312,594.3812255859375,592.9024047851562,593.2100219726562,104127
595.4299926757812,595.8800048828125,593.7999877929688,594.02001953125,138472
595.625,596.2999877929688,595.0999755859375,595.3300170898438,146301
595.3699951171875,596.4000244140625,595.010009765625,595.5900268554688,130836
597.2462158203125,597.4998779296875,595.364990234375,595.3699951171875,164823
597.5449829101562,598.0,596.5599975585938,597.280029296875,195284
595.9600219726562,597.5399780273438,595.75,597.469970703125,181398
596.239990234375,596.6035766601562,595.5750122070312,596.0449829101562,311760
595.4400024414062,596.4500122070312,595.2108764648438,596.239990234375,216492
599.9099731445312,599.989990234375,595.4299926757812,595.5549926757812,860858
587.4901123046875,592.260009765625,586.1099853515625,588.7050170898438,785284
586.989990234375,589.8099975585938,586.7150268554688,587.5,364968
589.3400268554688,589.5098876953125,585.5800170898438,586.8499755859375,380199
588.64501953125,589.6699829101562,587.36279296875,589.1199951171875,261747
590.0025024414062,591.3900146484375,588.4000244140625,588.530029296875,361495
589.5700073242188,591.1300048828125,587.6599731445312,589.9974975585938,280806
590.6900024414062,591.294189453125,588.9400024414062,589.5700073242188,207182
591.5733032226562,592.6699829101562,590.5399780273438,590.719970703125,222971
594.5599975585938,594.5599975585938,591.4400024414062,591.4400024414062,188409
595.513671875,595.77001953125,594.030029296875,594.4450073242188,224496
595.0999755859375,596.25,594.4000854492188,595.5980224609375,148037
596.1599731445312,596.64990234375,594.9901123046875,595.2000122070312,137530
596.3800048828125,596.8298950195312,595.5053100585938,596.219970703125,111835
596.5599975585938,596.9398803710938,594.2100830078125,596.2999877929688,151910
596.3300170898438,596.6798706054688,595.10009765625,596.6798706054688,110743
594.6500244140625,596.4299926757812,594.0599975585938,596.3300170898438,115815
595.6699829101562,595.8499755859375,594.4450073242188,594.510009765625,105252
595.1300048828125,596.0,594.8099975585938,595.72998046875,92143
594.0599975585938,595.4298706054688,593.6400146484375,595.218505859375,97859
594.3049926757812,594.732421875,593.1500244140625,593.9500122070312,117248
594.405029296875,594.9899291992188,594.0499877929688,594.25,125225
594.9349975585938,595.20068359375,594.260009765625,594.260009765625,95558
594.8400268554688,595.0,593.8300170898438,594.8599853515625,140871
592.4400024414062,594.969970703125,592.3800048828125,594.8599853515625,165831
593.0250244140625,593.7313232421875,592.3699951171875,592.39501953125,182509
590.9600219726562,593.9099731445312,590.9600219726562,593.0800170898438,518168
590.6712036132812,593.969970703125,589.260009765625,592.2650146484375,480152
592.7349853515625,593.25,590.2401123046875,590.7100219726562,187292
590.8875122070312,593.8599853515625,590.110107421875,592.5900268554688,163029
590.6173095703125,593.594970703125,590.60009765625,591.4400024414062,218765
590.2572021484375,592.0599975585938,589.989990234375,590.760009765625,175469
590.9149780273438,591.739990234375,590.1199951171875,590.3474731445312,85821
590.0800170898438,591.260009765625,589.2340087890625,591.0,122747
589.5150146484375,590.1998901367188,588.2899780273438,590.1998901367188,134037
590.6900024414062,590.732421875,589.1400146484375,589.6500244140625,126812
590.7999877929688,591.760009765625,590.47998046875,590.530029296875,123152
590.1441040039062,591.0,589.7449951171875,590.622802734375,87210
588.9000244140625,590.8800048828125,588.5999755859375,590.2349853515625,85177
587.24951171875,589.0571899414062,586.1799926757812,588.7100830078125,173436
589.5274047851562,589.5274047851562,586.6400756835938,587.2899780273438,143400
588.6699829101562,590.3200073242188,588.6300048828125,589.3800048828125,96378
587.0700073242188,589.3298950195312,586.85009765625,588.6199951171875,145987
587.6699829101562,588.0399780273438,586.6300048828125,587.0700073242188,113535
586.6320190429688,588.0,586.6099853515625,587.530029296875,79573
588.52001953125,588.5250244140625,585.739990234375,586.5599975585938,127346
586.5999755859375,588.7335815429688,586.5999755859375,588.52001953125,90802
586.6799926757812,587.1799926757812,586.0499877929688,586.510009765625,83035
588.7050170898438,588.7550048828125,586.5701293945312,586.698974609375,83078
588.22998046875,589.419677734375,587.75,588.5700073242188,98787
590.4600219726562,590.5999755859375,588.0800170898438,588.155029296875,144653
588.9199829101562,590.530029296875,588.8800048828125,590.47998046875,181332
585.5499877929688,588.989990234375,583.85498046875,588.7899780273438,1025524
